"U:0","U:1","U:2","p","vtkValidPointMask","arc_length","Points:0","Points:1","Points:2"
0,0,0,-0.0048183,1,0,0.5,0,0
-0.011532,0.0002931,0,-0.0048194,1,0.0014142,0.5,0.001,0.001
-0.023064,0.0005862,0,-0.0048206,1,0.0028284,0.5,0.002,0.002
-0.034595,0.00087929,0,-0.0048218,1,0.0042426,0.5,0.003,0.003
-0.046127,0.0011724,0,-0.0048229,1,0.0056569,0.5,0.004,0.004
-0.057659,0.0014655,0,-0.0048241,1,0.0070711,0.5,0.005,0.005
-0.069191,0.0017586,0,-0.0048253,1,0.0084853,0.5,0.006,0.006
-0.080723,0.0020517,0,-0.0048264,1,0.0098995,0.5,0.007,0.007
-0.092255,0.0023448,0,-0.0048276,1,0.011314,0.5,0.008,0.008
-0.10379,0.0026379,0,-0.0048288,1,0.012728,0.5,0.009,0.009
-0.11532,0.002931,0,-0.0048299,1,0.014142,0.5,0.01,0.01
-0.12365,0.0031366,0,-0.0048551,1,0.015556,0.5,0.011,0.011
-0.13197,0.0033422,0,-0.0048802,1,0.016971,0.5,0.012,0.012
-0.1403,0.0035478,0,-0.0049053,1,0.018385,0.5,0.013,0.013
-0.14863,0.0037535,0,-0.0049304,1,0.019799,0.5,0.014,0.014
-0.15695,0.0039591,0,-0.0049555,1,0.021213,0.5,0.015,0.015
-0.16528,0.0041647,0,-0.0049806,1,0.022627,0.5,0.016,0.016
-0.17361,0.0043703,0,-0.0050057,1,0.024042,0.5,0.017,0.017
-0.18193,0.004576,0,-0.0050308,1,0.025456,0.5,0.018,0.018
-0.19026,0.0047816,0,-0.0050559,1,0.02687,0.5,0.019,0.019
-0.19859,0.0049872,0,-0.005081,1,0.028284,0.5,0.02,0.02
-0.20442,0.0050147,0,-0.0051523,1,0.029698,0.5,0.021,0.021
-0.21025,0.0050422,0,-0.0052237,1,0.031113,0.5,0.022,0.022
-0.21608,0.0050698,0,-0.005295,1,0.032527,0.5,0.023,0.023
-0.22192,0.0050973,0,-0.0053663,1,0.033941,0.5,0.024,0.024
-0.22775,0.0051248,0,-0.0054376,1,0.035355,0.5,0.025,0.025
-0.23358,0.0051523,0,-0.0055089,1,0.03677,0.5,0.026,0.026
-0.23941,0.0051799,0,-0.0055802,1,0.038184,0.5,0.027,0.027
-0.24524,0.0052074,0,-0.0056515,1,0.039598,0.5,0.028,0.028
-0.25108,0.0052349,0,-0.0057228,1,0.041012,0.5,0.029,0.029
-0.25691,0.0052624,0,-0.0057941,1,0.042426,0.5,0.03,0.03
-0.26131,0.0051796,0,-0.0059156,1,0.043841,0.5,0.031,0.031
-0.26572,0.0050968,0,-0.0060371,1,0.045255,0.5,0.032,0.032
-0.27012,0.005014,0,-0.0061586,1,0.046669,0.5,0.033,0.033
-0.27453,0.0049311,0,-0.0062801,1,0.048083,0.5,0.034,0.034
-0.27893,0.0048483,0,-0.0064016,1,0.049497,0.5,0.035,0.035
-0.28334,0.0047655,0,-0.0065231,1,0.050912,0.5,0.036,0.036
-0.28774,0.0046827,0,-0.0066446,1,0.052326,0.5,0.037,0.037
-0.29215,0.0045998,0,-0.0067661,1,0.05374,0.5,0.038,0.038
-0.29655,0.004517,0,-0.0068876,1,0.055154,0.5,0.039,0.039
-0.30096,0.0044342,0,-0.007009,1,0.056569,0.5,0.04,0.04
-0.30445,0.0043362,0,-0.0071849,1,0.057983,0.5,0.041,0.041
-0.30794,0.0042382,0,-0.0073608,1,0.059397,0.5,0.042,0.042
-0.31144,0.0041402,0,-0.0075367,1,0.060811,0.5,0.043,0.043
-0.31493,0.0040423,0,-0.0077126,1,0.062225,0.5,0.044,0.044
-0.31842,0.0039443,0,-0.0078885,1,0.06364,0.5,0.045,0.045
-0.32192,0.0038463,0,-0.0080644,1,0.065054,0.5,0.046,0.046
-0.32541,0.0037483,0,-0.0082403,1,0.066468,0.5,0.047,0.047
-0.3289,0.0036503,0,-0.0084162,1,0.067882,0.5,0.048,0.048
-0.3324,0.0035523,0,-0.0085921,1,0.069296,0.5,0.049,0.049
-0.33589,0.0034543,0,-0.008768,1,0.070711,0.5,0.05,0.05
-0.33849,0.0033758,0,-0.0089972,1,0.072125,0.5,0.051,0.051
-0.34109,0.0032973,0,-0.0092265,1,0.073539,0.5,0.052,0.052
-0.34369,0.0032187,0,-0.0094557,1,0.074953,0.5,0.053,0.053
-0.34629,0.0031402,0,-0.0096849,1,0.076368,0.5,0.054,0.054
-0.34889,0.0030616,0,-0.0099141,1,0.077782,0.5,0.055,0.055
-0.35149,0.0029831,0,-0.010143,1,0.079196,0.5,0.056,0.056
-0.35409,0.0029045,0,-0.010373,1,0.08061,0.5,0.057,0.057
-0.35669,0.002826,0,-0.010602,1,0.082024,0.5,0.058,0.058
-0.3593,0.0027475,0,-0.010831,1,0.083439,0.5,0.059,0.059
-0.3619,0.0026689,0,-0.01106,1,0.084853,0.5,0.06,0.06
-0.36349,0.0026116,0,-0.011335,1,0.086267,0.5,0.061,0.061
-0.36509,0.0025544,0,-0.01161,1,0.087681,0.5,0.062,0.062
-0.36669,0.0024971,0,-0.011884,1,0.089095,0.5,0.063,0.063
-0.36829,0.0024399,0,-0.012159,1,0.09051,0.5,0.064,0.064
-0.36989,0.0023826,0,-0.012434,1,0.091924,0.5,0.065,0.065
-0.37149,0.0023253,0,-0.012708,1,0.093338,0.5,0.066,0.066
-0.37308,0.0022681,0,-0.012983,1,0.094752,0.5,0.067,0.067
-0.37468,0.0022108,0,-0.013258,1,0.096167,0.5,0.068,0.068
-0.37628,0.0021535,0,-0.013532,1,0.097581,0.5,0.069,0.069
-0.37788,0.0020963,0,-0.013807,1,0.098995,0.5,0.07,0.07
-0.37845,0.0020531,0,-0.014113,1,0.10041,0.5,0.071,0.071
-0.37902,0.00201,0,-0.01442,1,0.10182,0.5,0.072,0.072
-0.37958,0.0019668,0,-0.014726,1,0.10324,0.5,0.073,0.073
-0.38015,0.0019236,0,-0.015033,1,0.10465,0.5,0.074,0.074
-0.38072,0.0018805,0,-0.015339,1,0.10607,0.5,0.075,0.075
-0.38129,0.0018373,0,-0.015645,1,0.10748,0.5,0.076,0.076
-0.38186,0.0017941,0,-0.015952,1,0.10889,0.5,0.077,0.077
-0.38243,0.001751,0,-0.016258,1,0.11031,0.5,0.078,0.078
-0.383,0.0017078,0,-0.016565,1,0.11172,0.5,0.079,0.079
-0.38357,0.0016646,0,-0.016871,1,0.11314,0.5,0.08,0.08
-0.38322,0.0016276,0,-0.017193,1,0.11455,0.5,0.081,0.081
-0.38287,0.0015905,0,-0.017515,1,0.11597,0.5,0.082,0.082
-0.38253,0.0015535,0,-0.017837,1,0.11738,0.5,0.083,0.083
-0.38218,0.0015164,0,-0.018159,1,0.11879,0.5,0.084,0.084
-0.38184,0.0014794,0,-0.018481,1,0.12021,0.5,0.085,0.085
-0.38149,0.0014423,0,-0.018802,1,0.12162,0.5,0.086,0.086
-0.38114,0.0014053,0,-0.019124,1,0.12304,0.5,0.087,0.087
-0.3808,0.0013682,0,-0.019446,1,0.12445,0.5,0.088,0.088
-0.38045,0.0013312,0,-0.019768,1,0.12587,0.5,0.089,0.089
-0.38011,0.0012941,0,-0.02009,1,0.12728,0.5,0.09,0.09
-0.37908,0.0012566,0,-0.020413,1,0.12869,0.5,0.091,0.091
-0.37805,0.0012191,0,-0.020735,1,0.13011,0.5,0.092,0.092
-0.37702,0.0011816,0,-0.021057,1,0.13152,0.5,0.093,0.093
-0.376,0.0011441,0,-0.02138,1,0.13294,0.5,0.094,0.094
-0.37497,0.0011066,0,-0.021702,1,0.13435,0.5,0.095,0.095
-0.37394,0.001069,0,-0.022025,1,0.13576,0.5,0.096,0.096
-0.37291,0.0010315,0,-0.022347,1,0.13718,0.5,0.097,0.097
-0.37189,0.00099403,0,-0.02267,1,0.13859,0.5,0.098,0.098
-0.37086,0.00095652,0,-0.022992,1,0.14001,0.5,0.099,0.099
-0.36983,0.00091901,0,-0.023315,1,0.14142,0.5,0.1,0.1
-0.3684,0.00087923,0,-0.023627,1,0.14284,0.5,0.101,0.101
-0.36697,0.00083944,0,-0.023939,1,0.14425,0.5,0.102,0.102
-0.36554,0.00079966,0,-0.024252,1,0.14566,0.5,0.103,0.103
-0.36411,0.00075988,0,-0.024564,1,0.14708,0.5,0.104,0.104
-0.36268,0.00072009,0,-0.024876,1,0.14849,0.5,0.105,0.105
-0.36125,0.00068031,0,-0.025189,1,0.14991,0.5,0.106,0.106
-0.35982,0.00064053,0,-0.025501,1,0.15132,0.5,0.107,0.107
-0.35838,0.00060074,0,-0.025813,1,0.15274,0.5,0.108,0.108
-0.35695,0.00056096,0,-0.026126,1,0.15415,0.5,0.109,0.109
-0.35552,0.00052117,0,-0.026438,1,0.15556,0.5,0.11,0.11
-0.35394,0.00048075,0,-0.026734,1,0.15698,0.5,0.111,0.111
-0.35235,0.00044033,0,-0.027031,1,0.15839,0.5,0.112,0.112
-0.35076,0.00039991,0,-0.027328,1,0.15981,0.5,0.113,0.113
-0.34917,0.00035949,0,-0.027624,1,0.16122,0.5,0.114,0.114
-0.34759,0.00031907,0,-0.027921,1,0.16263,0.5,0.115,0.115
-0.346,0.00027865,0,-0.028217,1,0.16405,0.5,0.116,0.116
-0.34441,0.00023823,0,-0.028514,1,0.16546,0.5,0.117,0.117
-0.34282,0.00019781,0,-0.028811,1,0.16688,0.5,0.118,0.118
-0.34124,0.00015739,0,-0.029107,1,0.16829,0.5,0.119,0.119
-0.33965,0.00011696,0,-0.029404,1,0.16971,0.5,0.12,0.12
-0.33808,7.8685e-05,0,-0.029683,1,0.17112,0.5,0.121,0.121
-0.3365,4.0405e-05,0,-0.029963,1,0.17253,0.5,0.122,0.122
-0.33493,2.1255e-06,0,-0.030242,1,0.17395,0.5,0.123,0.123
-0.33336,-3.6154e-05,0,-0.030521,1,0.17536,0.5,0.124,0.124
-0.33179,-7.4434e-05,0,-0.030801,1,0.17678,0.5,0.125,0.125
-0.33021,-0.00011271,0,-0.03108,1,0.17819,0.5,0.126,0.126
-0.32864,-0.00015099,0,-0.03136,1,0.17961,0.5,0.127,0.127
-0.32707,-0.00018927,0,-0.031639,1,0.18102,0.5,0.128,0.128
-0.32549,-0.00022755,0,-0.031918,1,0.18243,0.5,0.129,0.129
-0.32392,-0.00026583,0,-0.032198,1,0.18385,0.5,0.13,0.13
-0.32245,-0.00029798,0,-0.032461,1,0.18526,0.5,0.131,0.131
-0.32098,-0.00033014,0,-0.032724,1,0.18668,0.5,0.132,0.132
-0.31951,-0.00036229,0,-0.032986,1,0.18809,0.5,0.133,0.133
-0.31805,-0.00039444,0,-0.033249,1,0.1895,0.5,0.134,0.134
-0.31658,-0.00042659,0,-0.033512,1,0.19092,0.5,0.135,0.135
-0.31511,-0.00045874,0,-0.033775,1,0.19233,0.5,0.136,0.136
-0.31364,-0.00049089,0,-0.034038,1,0.19375,0.5,0.137,0.137
-0.31217,-0.00052305,0,-0.034301,1,0.19516,0.5,0.138,0.138
-0.3107,-0.0005552,0,-0.034564,1,0.19658,0.5,0.139,0.139
-0.30923,-0.00058735,0,-0.034827,1,0.19799,0.5,0.14,0.14
-0.3079,-0.00060945,0,-0.035075,1,0.1994,0.5,0.141,0.141
-0.30656,-0.00063154,0,-0.035323,1,0.20082,0.5,0.142,0.142
-0.30523,-0.00065364,0,-0.035571,1,0.20223,0.5,0.143,0.143
-0.30389,-0.00067573,0,-0.035819,1,0.20365,0.5,0.144,0.144
-0.30256,-0.00069783,0,-0.036067,1,0.20506,0.5,0.145,0.145
-0.30122,-0.00071993,0,-0.036316,1,0.20648,0.5,0.146,0.146
-0.29988,-0.00074202,0,-0.036564,1,0.20789,0.5,0.147,0.147
-0.29855,-0.00076412,0,-0.036812,1,0.2093,0.5,0.148,0.148
-0.29721,-0.00078621,0,-0.03706,1,0.21072,0.5,0.149,0.149
-0.29588,-0.00080831,0,-0.037308,1,0.21213,0.5,0.15,0.15
-0.29467,-0.00081833,0,-0.037543,1,0.21355,0.5,0.151,0.151
-0.29346,-0.00082835,0,-0.037779,1,0.21496,0.5,0.152,0.152
-0.29225,-0.00083837,0,-0.038014,1,0.21637,0.5,0.153,0.153
-0.29104,-0.00084839,0,-0.038249,1,0.21779,0.5,0.154,0.154
-0.28983,-0.00085841,0,-0.038485,1,0.2192,0.5,0.155,0.155
-0.28863,-0.00086843,0,-0.03872,1,0.22062,0.5,0.156,0.156
-0.28742,-0.00087845,0,-0.038955,1,0.22203,0.5,0.157,0.157
-0.28621,-0.00088847,0,-0.039191,1,0.22345,0.5,0.158,0.158
-0.285,-0.00089849,0,-0.039426,1,0.22486,0.5,0.159,0.159
-0.28379,-0.00090851,0,-0.039661,1,0.22627,0.5,0.16,0.16
-0.28268,-0.00090599,0,-0.039885,1,0.22769,0.5,0.161,0.161
-0.28158,-0.00090348,0,-0.040109,1,0.2291,0.5,0.162,0.162
-0.28047,-0.00090096,0,-0.040333,1,0.23052,0.5,0.163,0.163
-0.27937,-0.00089844,0,-0.040557,1,0.23193,0.5,0.164,0.164
-0.27826,-0.00089593,0,-0.040782,1,0.23335,0.5,0.165,0.165
-0.27716,-0.00089341,0,-0.041006,1,0.23476,0.5,0.166,0.166
-0.27605,-0.0008909,0,-0.04123,1,0.23617,0.5,0.167,0.167
-0.27495,-0.00088838,0,-0.041454,1,0.23759,0.5,0.168,0.168
-0.27384,-0.00088587,0,-0.041678,1,0.239,0.5,0.169,0.169
-0.27274,-0.00088335,0,-0.041902,1,0.24042,0.5,0.17,0.17
-0.27171,-0.00086872,0,-0.042116,1,0.24183,0.5,0.171,0.171
-0.27068,-0.00085409,0,-0.04233,1,0.24324,0.5,0.172,0.172
-0.26965,-0.00083946,0,-0.042544,1,0.24466,0.5,0.173,0.173
-0.26862,-0.00082483,0,-0.042758,1,0.24607,0.5,0.174,0.174
-0.26759,-0.0008102,0,-0.042972,1,0.24749,0.5,0.175,0.175
-0.26656,-0.00079557,0,-0.043186,1,0.2489,0.5,0.176,0.176
-0.26554,-0.00078095,0,-0.0434,1,0.25032,0.5,0.177,0.177
-0.26451,-0.00076632,0,-0.043615,1,0.25173,0.5,0.178,0.178
-0.26348,-0.00075169,0,-0.043829,1,0.25314,0.5,0.179,0.179
-0.26245,-0.00073706,0,-0.044043,1,0.25456,0.5,0.18,0.18
-0.26148,-0.00071127,0,-0.044248,1,0.25597,0.5,0.181,0.181
-0.2605,-0.00068548,0,-0.044452,1,0.25739,0.5,0.182,0.182
-0.25953,-0.00065969,0,-0.044657,1,0.2588,0.5,0.183,0.183
-0.25855,-0.0006339,0,-0.044862,1,0.26022,0.5,0.184,0.184
-0.25758,-0.00060812,0,-0.045067,1,0.26163,0.5,0.185,0.185
-0.2566,-0.00058233,0,-0.045272,1,0.26304,0.5,0.186,0.186
-0.25563,-0.00055654,0,-0.045477,1,0.26446,0.5,0.187,0.187
-0.25465,-0.00053075,0,-0.045682,1,0.26587,0.5,0.188,0.188
-0.25368,-0.00050496,0,-0.045887,1,0.26729,0.5,0.189,0.189
-0.2527,-0.00047918,0,-0.046092,1,0.2687,0.5,0.19,0.19
-0.25176,-0.00044341,0,-0.046288,1,0.27011,0.5,0.191,0.191
-0.25083,-0.00040765,0,-0.046484,1,0.27153,0.5,0.192,0.192
-0.24989,-0.00037189,0,-0.04668,1,0.27294,0.5,0.193,0.193
-0.24895,-0.00033612,0,-0.046876,1,0.27436,0.5,0.194,0.194
-0.24801,-0.00030036,0,-0.047073,1,0.27577,0.5,0.195,0.195
-0.24707,-0.0002646,0,-0.047269,1,0.27719,0.5,0.196,0.196
-0.24614,-0.00022883,0,-0.047465,1,0.2786,0.5,0.197,0.197
-0.2452,-0.00019307,0,-0.047661,1,0.28001,0.5,0.198,0.198
-0.24426,-0.00015731,0,-0.047858,1,0.28143,0.5,0.199,0.199
-0.24332,-0.00012154,0,-0.048054,1,0.28284,0.5,0.2,0.2
-0.24241,-7.7007e-05,0,-0.048242,1,0.28426,0.5,0.201,0.201
-0.2415,-3.2471e-05,0,-0.04843,1,0.28567,0.5,0.202,0.202
-0.24059,1.2064e-05,0,-0.048618,1,0.28709,0.5,0.203,0.203
-0.23967,5.66e-05,0,-0.048806,1,0.2885,0.5,0.204,0.204
-0.23876,0.00010114,0,-0.048993,1,0.28991,0.5,0.205,0.205
-0.23785,0.00014567,0,-0.049181,1,0.29133,0.5,0.206,0.206
-0.23694,0.00019021,0,-0.049369,1,0.29274,0.5,0.207,0.207
-0.23603,0.00023474,0,-0.049557,1,0.29416,0.5,0.208,0.208
-0.23512,0.00027928,0,-0.049745,1,0.29557,0.5,0.209,0.209
-0.2342,0.00032382,0,-0.049933,1,0.29698,0.5,0.21,0.21
-0.23331,0.00037603,0,-0.050113,1,0.2984,0.5,0.211,0.211
-0.23242,0.00042824,0,-0.050293,1,0.29981,0.5,0.212,0.212
-0.23153,0.00048045,0,-0.050473,1,0.30123,0.5,0.213,0.213
-0.23064,0.00053266,0,-0.050653,1,0.30264,0.5,0.214,0.214
-0.22975,0.00058487,0,-0.050832,1,0.30406,0.5,0.215,0.215
-0.22886,0.00063708,0,-0.051012,1,0.30547,0.5,0.216,0.216
-0.22797,0.00068929,0,-0.051192,1,0.30688,0.5,0.217,0.217
-0.22708,0.0007415,0,-0.051372,1,0.3083,0.5,0.218,0.218
-0.22619,0.00079372,0,-0.051552,1,0.30971,0.5,0.219,0.219
-0.22529,0.00084593,0,-0.051732,1,0.31113,0.5,0.22,0.22
-0.22442,0.00090488,0,-0.051904,1,0.31254,0.5,0.221,0.221
-0.22355,0.00096384,0,-0.052076,1,0.31396,0.5,0.222,0.222
-0.22268,0.0010228,0,-0.052248,1,0.31537,0.5,0.223,0.223
-0.22181,0.0010818,0,-0.05242,1,0.31678,0.5,0.224,0.224
-0.22094,0.0011407,0,-0.052592,1,0.3182,0.5,0.225,0.225
-0.22006,0.0011997,0,-0.052764,1,0.31961,0.5,0.226,0.226
-0.21919,0.0012586,0,-0.052936,1,0.32103,0.5,0.227,0.227
-0.21832,0.0013176,0,-0.053108,1,0.32244,0.5,0.228,0.228
-0.21745,0.0013765,0,-0.05328,1,0.32385,0.5,0.229,0.229
-0.21658,0.0014355,0,-0.053452,1,0.32527,0.5,0.23,0.23
-0.21572,0.0015004,0,-0.053617,1,0.32668,0.5,0.231,0.231
-0.21487,0.0015654,0,-0.053781,1,0.3281,0.5,0.232,0.232
-0.21402,0.0016303,0,-0.053945,1,0.32951,0.5,0.233,0.233
-0.21317,0.0016953,0,-0.05411,1,0.33093,0.5,0.234,0.234
-0.21231,0.0017602,0,-0.054274,1,0.33234,0.5,0.235,0.235
-0.21146,0.0018252,0,-0.054439,1,0.33375,0.5,0.236,0.236
-0.21061,0.0018901,0,-0.054603,1,0.33517,0.5,0.237,0.237
-0.20975,0.001955,0,-0.054767,1,0.33658,0.5,0.238,0.238
-0.2089,0.00202,0,-0.054932,1,0.338,0.5,0.239,0.239
-0.20805,0.0020849,0,-0.055096,1,0.33941,0.5,0.24,0.24
-0.20722,0.0021552,0,-0.055253,1,0.34083,0.5,0.241,0.241
-0.20638,0.0022255,0,-0.05541,1,0.34224,0.5,0.242,0.242
-0.20555,0.0022958,0,-0.055568,1,0.34365,0.5,0.243,0.243
-0.20472,0.0023661,0,-0.055725,1,0.34507,0.5,0.244,0.244
-0.20389,0.0024364,0,-0.055882,1,0.34648,0.5,0.245,0.245
-0.20305,0.0025067,0,-0.056039,1,0.3479,0.5,0.246,0.246
-0.20222,0.0025769,0,-0.056196,1,0.34931,0.5,0.247,0.247
-0.20139,0.0026472,0,-0.056353,1,0.35072,0.5,0.248,0.248
-0.20055,0.0027175,0,-0.05651,1,0.35214,0.5,0.249,0.249
-0.19972,0.0027878,0,-0.056667,1,0.35355,0.5,0.25,0.25
-0.19891,0.0028629,0,-0.056817,1,0.35497,0.5,0.251,0.251
-0.1981,0.0029381,0,-0.056967,1,0.35638,0.5,0.252,0.252
-0.19729,0.0030133,0,-0.057117,1,0.3578,0.5,0.253,0.253
-0.19648,0.0030884,0,-0.057267,1,0.35921,0.5,0.254,0.254
-0.19567,0.0031636,0,-0.057417,1,0.36062,0.5,0.255,0.255
-0.19485,0.0032387,0,-0.057567,1,0.36204,0.5,0.256,0.256
-0.19404,0.0033139,0,-0.057717,1,0.36345,0.5,0.257,0.257
-0.19323,0.003389,0,-0.057867,1,0.36487,0.5,0.258,0.258
-0.19242,0.0034642,0,-0.058017,1,0.36628,0.5,0.259,0.259
-0.19161,0.0035393,0,-0.058167,1,0.3677,0.5,0.26,0.26
-0.19082,0.003619,0,-0.05831,1,0.36911,0.5,0.261,0.261
-0.19003,0.0036986,0,-0.058453,1,0.37052,0.5,0.262,0.262
-0.18924,0.0037783,0,-0.058596,1,0.37194,0.5,0.263,0.263
-0.18845,0.0038579,0,-0.05874,1,0.37335,0.5,0.264,0.264
-0.18767,0.0039376,0,-0.058883,1,0.37477,0.5,0.265,0.265
-0.18688,0.0040172,0,-0.059026,1,0.37618,0.5,0.266,0.266
-0.18609,0.0040969,0,-0.059169,1,0.3776,0.5,0.267,0.267
-0.1853,0.0041765,0,-0.059312,1,0.37901,0.5,0.268,0.268
-0.18451,0.0042562,0,-0.059456,1,0.38042,0.5,0.269,0.269
-0.18372,0.0043358,0,-0.059599,1,0.38184,0.5,0.27,0.27
-0.18296,0.0044195,0,-0.059736,1,0.38325,0.5,0.271,0.271
-0.18219,0.0045032,0,-0.059872,1,0.38467,0.5,0.272,0.272
-0.18142,0.0045869,0,-0.060009,1,0.38608,0.5,0.273,0.273
-0.18066,0.0046706,0,-0.060146,1,0.38749,0.5,0.274,0.274
-0.17989,0.0047543,0,-0.060283,1,0.38891,0.5,0.275,0.275
-0.17913,0.004838,0,-0.060419,1,0.39032,0.5,0.276,0.276
-0.17836,0.0049217,0,-0.060556,1,0.39174,0.5,0.277,0.277
-0.1776,0.0050054,0,-0.060693,1,0.39315,0.5,0.278,0.278
-0.17683,0.0050891,0,-0.06083,1,0.39457,0.5,0.279,0.279
-0.17606,0.0051728,0,-0.060966,1,0.39598,0.5,0.28,0.28
-0.17532,0.0052601,0,-0.061097,1,0.39739,0.5,0.281,0.281
-0.17458,0.0053474,0,-0.061228,1,0.39881,0.5,0.282,0.282
-0.17383,0.0054347,0,-0.061358,1,0.40022,0.5,0.283,0.283
-0.17309,0.005522,0,-0.061489,1,0.40164,0.5,0.284,0.284
-0.17235,0.0056093,0,-0.06162,1,0.40305,0.5,0.285,0.285
-0.17161,0.0056966,0,-0.06175,1,0.40447,0.5,0.286,0.286
-0.17086,0.0057839,0,-0.061881,1,0.40588,0.5,0.287,0.287
-0.17012,0.0058712,0,-0.062011,1,0.40729,0.5,0.288,0.288
-0.16938,0.0059585,0,-0.062142,1,0.40871,0.5,0.289,0.289
-0.16863,0.0060458,0,-0.062273,1,0.41012,0.5,0.29,0.29
-0.16791,0.0061363,0,-0.062398,1,0.41154,0.5,0.291,0.291
-0.16719,0.0062268,0,-0.062522,1,0.41295,0.5,0.292,0.292
-0.16647,0.0063174,0,-0.062647,1,0.41436,0.5,0.293,0.293
-0.16575,0.0064079,0,-0.062772,1,0.41578,0.5,0.294,0.294
-0.16503,0.0064984,0,-0.062897,1,0.41719,0.5,0.295,0.295
-0.16431,0.0065889,0,-0.063022,1,0.41861,0.5,0.296,0.296
-0.16359,0.0066795,0,-0.063147,1,0.42002,0.5,0.297,0.297
-0.16287,0.00677,0,-0.063271,1,0.42144,0.5,0.298,0.298
-0.16215,0.0068605,0,-0.063396,1,0.42285,0.5,0.299,0.299
-0.16143,0.0069511,0,-0.063521,1,0.42426,0.5,0.3,0.3
-0.16073,0.0070445,0,-0.063641,1,0.42568,0.5,0.301,0.301
-0.16004,0.0071378,0,-0.06376,1,0.42709,0.5,0.302,0.302
-0.15934,0.0072312,0,-0.063879,1,0.42851,0.5,0.303,0.303
-0.15864,0.0073246,0,-0.063999,1,0.42992,0.5,0.304,0.304
-0.15794,0.007418,0,-0.064118,1,0.43134,0.5,0.305,0.305
-0.15724,0.0075114,0,-0.064237,1,0.43275,0.5,0.306,0.306
-0.15654,0.0076048,0,-0.064357,1,0.43416,0.5,0.307,0.307
-0.15585,0.0076982,0,-0.064476,1,0.43558,0.5,0.308,0.308
-0.15515,0.0077916,0,-0.064596,1,0.43699,0.5,0.309,0.309
-0.15445,0.007885,0,-0.064715,1,0.43841,0.5,0.31,0.31
-0.15377,0.0079808,0,-0.064829,1,0.43982,0.5,0.311,0.311
-0.15309,0.0080767,0,-0.064943,1,0.44123,0.5,0.312,0.312
-0.15242,0.0081725,0,-0.065058,1,0.44265,0.5,0.313,0.313
-0.15174,0.0082684,0,-0.065172,1,0.44406,0.5,0.314,0.314
-0.15106,0.0083643,0,-0.065286,1,0.44548,0.5,0.315,0.315
-0.15038,0.0084601,0,-0.0654,1,0.44689,0.5,0.316,0.316
-0.14971,0.008556,0,-0.065515,1,0.44831,0.5,0.317,0.317
-0.14903,0.0086519,0,-0.065629,1,0.44972,0.5,0.318,0.318
-0.14835,0.0087477,0,-0.065743,1,0.45113,0.5,0.319,0.319
-0.14767,0.0088436,0,-0.065857,1,0.45255,0.5,0.32,0.32
-0.14702,0.0089415,0,-0.065967,1,0.45396,0.5,0.321,0.321
-0.14636,0.0090395,0,-0.066076,1,0.45538,0.5,0.322,0.322
-0.1457,0.0091374,0,-0.066185,1,0.45679,0.5,0.323,0.323
-0.14504,0.0092354,0,-0.066295,1,0.45821,0.5,0.324,0.324
-0.14438,0.0093333,0,-0.066404,1,0.45962,0.5,0.325,0.325
-0.14372,0.0094313,0,-0.066513,1,0.46103,0.5,0.326,0.326
-0.14306,0.0095293,0,-0.066623,1,0.46245,0.5,0.327,0.327
-0.14241,0.0096272,0,-0.066732,1,0.46386,0.5,0.328,0.328
-0.14175,0.0097252,0,-0.066842,1,0.46528,0.5,0.329,0.329
-0.14109,0.0098231,0,-0.066951,1,0.46669,0.5,0.33,0.33
-0.14045,0.0099228,0,-0.067056,1,0.4681,0.5,0.331,0.331
-0.13981,0.010022,0,-0.06716,1,0.46952,0.5,0.332,0.332
-0.13917,0.010122,0,-0.067265,1,0.47093,0.5,0.333,0.333
-0.13853,0.010222,0,-0.06737,1,0.47235,0.5,0.334,0.334
-0.13789,0.010321,0,-0.067475,1,0.47376,0.5,0.335,0.335
-0.13725,0.010421,0,-0.06758,1,0.47518,0.5,0.336,0.336
-0.1366,0.010521,0,-0.067684,1,0.47659,0.5,0.337,0.337
-0.13596,0.01062,0,-0.067789,1,0.478,0.5,0.338,0.338
-0.13532,0.01072,0,-0.067894,1,0.47942,0.5,0.339,0.339
-0.13468,0.01082,0,-0.067999,1,0.48083,0.5,0.34,0.34
-0.13406,0.010921,0,-0.068099,1,0.48225,0.5,0.341,0.341
-0.13343,0.011022,0,-0.068199,1,0.48366,0.5,0.342,0.342
-0.13281,0.011123,0,-0.0683,1,0.48508,0.5,0.343,0.343
-0.13218,0.011224,0,-0.0684,1,0.48649,0.5,0.344,0.344
-0.13156,0.011325,0,-0.068501,1,0.4879,0.5,0.345,0.345
-0.13093,0.011426,0,-0.068601,1,0.48932,0.5,0.346,0.346
-0.13031,0.011527,0,-0.068702,1,0.49073,0.5,0.347,0.347
-0.12968,0.011628,0,-0.068802,1,0.49215,0.5,0.348,0.348
-0.12906,0.011729,0,-0.068902,1,0.49356,0.5,0.349,0.349
-0.12844,0.01183,0,-0.069003,1,0.49497,0.5,0.35,0.35
-0.12782,0.011933,0,-0.069099,1,0.49639,0.5,0.351,0.351
-0.12721,0.012035,0,-0.069195,1,0.4978,0.5,0.352,0.352
-0.1266,0.012137,0,-0.069292,1,0.49922,0.5,0.353,0.353
-0.12599,0.012239,0,-0.069388,1,0.50063,0.5,0.354,0.354
-0.12538,0.012341,0,-0.069484,1,0.50205,0.5,0.355,0.355
-0.12477,0.012443,0,-0.069581,1,0.50346,0.5,0.356,0.356
-0.12416,0.012545,0,-0.069677,1,0.50487,0.5,0.357,0.357
-0.12355,0.012647,0,-0.069773,1,0.50629,0.5,0.358,0.358
-0.12294,0.01275,0,-0.06987,1,0.5077,0.5,0.359,0.359
-0.12233,0.012852,0,-0.069966,1,0.50912,0.5,0.36,0.36
-0.12173,0.012955,0,-0.070058,1,0.51053,0.5,0.361,0.361
-0.12113,0.013057,0,-0.070151,1,0.51195,0.5,0.362,0.362
-0.12053,0.01316,0,-0.070243,1,0.51336,0.5,0.363,0.363
-0.11993,0.013263,0,-0.070335,1,0.51477,0.5,0.364,0.364
-0.11934,0.013366,0,-0.070428,1,0.51619,0.5,0.365,0.365
-0.11874,0.013469,0,-0.07052,1,0.5176,0.5,0.366,0.366
-0.11814,0.013572,0,-0.070612,1,0.51902,0.5,0.367,0.367
-0.11754,0.013675,0,-0.070705,1,0.52043,0.5,0.368,0.368
-0.11694,0.013778,0,-0.070797,1,0.52184,0.5,0.369,0.369
-0.11634,0.01388,0,-0.070889,1,0.52326,0.5,0.37,0.37
-0.11576,0.013984,0,-0.070978,1,0.52467,0.5,0.371,0.371
-0.11517,0.014087,0,-0.071066,1,0.52609,0.5,0.372,0.372
-0.11458,0.01419,0,-0.071155,1,0.5275,0.5,0.373,0.373
-0.11399,0.014294,0,-0.071244,1,0.52892,0.5,0.374,0.374
-0.1134,0.014397,0,-0.071332,1,0.53033,0.5,0.375,0.375
-0.11281,0.0145,0,-0.071421,1,0.53174,0.5,0.376,0.376
-0.11223,0.014604,0,-0.071509,1,0.53316,0.5,0.377,0.377
-0.11164,0.014707,0,-0.071598,1,0.53457,0.5,0.378,0.378
-0.11105,0.014811,0,-0.071686,1,0.53599,0.5,0.379,0.379
-0.11046,0.014914,0,-0.071775,1,0.5374,0.5,0.38,0.38
-0.10988,0.015017,0,-0.07186,1,0.53882,0.5,0.381,0.381
-0.1093,0.015121,0,-0.071945,1,0.54023,0.5,0.382,0.382
-0.10872,0.015225,0,-0.07203,1,0.54164,0.5,0.383,0.383
-0.10814,0.015328,0,-0.072115,1,0.54306,0.5,0.384,0.384
-0.10756,0.015432,0,-0.0722,1,0.54447,0.5,0.385,0.385
-0.10698,0.015535,0,-0.072285,1,0.54589,0.5,0.386,0.386
-0.1064,0.015639,0,-0.07237,1,0.5473,0.5,0.387,0.387
-0.10582,0.015743,0,-0.072455,1,0.54871,0.5,0.388,0.388
-0.10524,0.015846,0,-0.07254,1,0.55013,0.5,0.389,0.389
-0.10467,0.01595,0,-0.072624,1,0.55154,0.5,0.39,0.39
-0.10409,0.016053,0,-0.072706,1,0.55296,0.5,0.391,0.391
-0.10352,0.016157,0,-0.072787,1,0.55437,0.5,0.392,0.392
-0.10295,0.016261,0,-0.072869,1,0.55579,0.5,0.393,0.393
-0.10237,0.016364,0,-0.07295,1,0.5572,0.5,0.394,0.394
-0.1018,0.016468,0,-0.073032,1,0.55861,0.5,0.395,0.395
-0.10123,0.016571,0,-0.073113,1,0.56003,0.5,0.396,0.396
-0.10065,0.016675,0,-0.073194,1,0.56144,0.5,0.397,0.397
-0.10008,0.016779,0,-0.073276,1,0.56286,0.5,0.398,0.398
-0.099508,0.016882,0,-0.073357,1,0.56427,0.5,0.399,0.399
-0.098934,0.016986,0,-0.073439,1,0.56569,0.5,0.4,0.4
-0.098366,0.017089,0,-0.073517,1,0.5671,0.5,0.401,0.401
-0.097798,0.017193,0,-0.073595,1,0.56851,0.5,0.402,0.402
-0.09723,0.017296,0,-0.073673,1,0.56993,0.5,0.403,0.403
-0.096661,0.0174,0,-0.073751,1,0.57134,0.5,0.404,0.404
-0.096093,0.017503,0,-0.073829,1,0.57276,0.5,0.405,0.405
-0.095525,0.017607,0,-0.073907,1,0.57417,0.5,0.406,0.406
-0.094956,0.01771,0,-0.073985,1,0.57558,0.5,0.407,0.407
-0.094388,0.017814,0,-0.074063,1,0.577,0.5,0.408,0.408
-0.09382,0.017917,0,-0.074141,1,0.57841,0.5,0.409,0.409
-0.093252,0.018021,0,-0.074219,1,0.57983,0.5,0.41,0.41
-0.092686,0.018124,0,-0.074293,1,0.58124,0.5,0.411,0.411
-0.092121,0.018227,0,-0.074368,1,0.58266,0.5,0.412,0.412
-0.091556,0.01833,0,-0.074443,1,0.58407,0.5,0.413,0.413
-0.09099,0.018434,0,-0.074517,1,0.58548,0.5,0.414,0.414
-0.090425,0.018537,0,-0.074592,1,0.5869,0.5,0.415,0.415
-0.08986,0.01864,0,-0.074666,1,0.58831,0.5,0.416,0.416
-0.089294,0.018743,0,-0.074741,1,0.58973,0.5,0.417,0.417
-0.088729,0.018846,0,-0.074816,1,0.59114,0.5,0.418,0.418
-0.088163,0.01895,0,-0.07489,1,0.59256,0.5,0.419,0.419
-0.087598,0.019053,0,-0.074965,1,0.59397,0.5,0.42,0.42
-0.087034,0.019156,0,-0.075036,1,0.59538,0.5,0.421,0.421
-0.08647,0.019258,0,-0.075108,1,0.5968,0.5,0.422,0.422
-0.085906,0.019361,0,-0.075179,1,0.59821,0.5,0.423,0.423
-0.085341,0.019464,0,-0.07525,1,0.59963,0.5,0.424,0.424
-0.084777,0.019567,0,-0.075322,1,0.60104,0.5,0.425,0.425
-0.084213,0.019669,0,-0.075393,1,0.60245,0.5,0.426,0.426
-0.083649,0.019772,0,-0.075464,1,0.60387,0.5,0.427,0.427
-0.083085,0.019875,0,-0.075536,1,0.60528,0.5,0.428,0.428
-0.082521,0.019978,0,-0.075607,1,0.6067,0.5,0.429,0.429
-0.081956,0.020081,0,-0.075678,1,0.60811,0.5,0.43,0.43
-0.081392,0.020183,0,-0.075746,1,0.60953,0.5,0.431,0.431
-0.080827,0.020285,0,-0.075814,1,0.61094,0.5,0.432,0.432
-0.080262,0.020387,0,-0.075882,1,0.61235,0.5,0.433,0.433
-0.079697,0.02049,0,-0.07595,1,0.61377,0.5,0.434,0.434
-0.079133,0.020592,0,-0.076018,1,0.61518,0.5,0.435,0.435
-0.078568,0.020694,0,-0.076086,1,0.6166,0.5,0.436,0.436
-0.078003,0.020796,0,-0.076154,1,0.61801,0.5,0.437,0.437
-0.077438,0.020899,0,-0.076222,1,0.61943,0.5,0.438,0.438
-0.076874,0.021001,0,-0.07629,1,0.62084,0.5,0.439,0.439
-0.076309,0.021103,0,-0.076358,1,0.62225,0.5,0.44,0.44
-0.075742,0.021205,0,-0.076423,1,0.62367,0.5,0.441,0.441
-0.075175,0.021307,0,-0.076488,1,0.62508,0.5,0.442,0.442
-0.074608,0.021408,0,-0.076552,1,0.6265,0.5,0.443,0.443
-0.07404,0.02151,0,-0.076617,1,0.62791,0.5,0.444,0.444
-0.073473,0.021612,0,-0.076682,1,0.62933,0.5,0.445,0.445
-0.072906,0.021713,0,-0.076746,1,0.63074,0.5,0.446,0.446
-0.072339,0.021815,0,-0.076811,1,0.63215,0.5,0.447,0.447
-0.071772,0.021917,0,-0.076876,1,0.63357,0.5,0.448,0.448
-0.071205,0.022018,0,-0.07694,1,0.63498,0.5,0.449,0.449
-0.070638,0.02212,0,-0.077005,1,0.6364,0.5,0.45,0.45
-0.070067,0.022221,0,-0.077067,1,0.63781,0.5,0.451,0.451
-0.069496,0.022322,0,-0.077128,1,0.63922,0.5,0.452,0.452
-0.068924,0.022423,0,-0.077189,1,0.64064,0.5,0.453,0.453
-0.068353,0.022524,0,-0.077251,1,0.64205,0.5,0.454,0.454
-0.067782,0.022625,0,-0.077312,1,0.64347,0.5,0.455,0.455
-0.067211,0.022726,0,-0.077373,1,0.64488,0.5,0.456,0.456
-0.06664,0.022827,0,-0.077435,1,0.6463,0.5,0.457,0.457
-0.066069,0.022928,0,-0.077496,1,0.64771,0.5,0.458,0.458
-0.065498,0.023029,0,-0.077557,1,0.64912,0.5,0.459,0.459
-0.064926,0.02313,0,-0.077619,1,0.65054,0.5,0.46,0.46
-0.064349,0.02323,0,-0.077677,1,0.65195,0.5,0.461,0.461
-0.063773,0.023331,0,-0.077735,1,0.65337,0.5,0.462,0.462
-0.063196,0.023431,0,-0.077793,1,0.65478,0.5,0.463,0.463
-0.062619,0.023531,0,-0.077851,1,0.6562,0.5,0.464,0.464
-0.062042,0.023631,0,-0.077909,1,0.65761,0.5,0.465,0.465
-0.061465,0.023732,0,-0.077967,1,0.65902,0.5,0.466,0.466
-0.060888,0.023832,0,-0.078025,1,0.66044,0.5,0.467,0.467
-0.060311,0.023932,0,-0.078083,1,0.66185,0.5,0.468,0.468
-0.059734,0.024033,0,-0.078141,1,0.66327,0.5,0.469,0.469
-0.059157,0.024133,0,-0.078198,1,0.66468,0.5,0.47,0.47
-0.058573,0.024232,0,-0.078253,1,0.66609,0.5,0.471,0.471
-0.057988,0.024332,0,-0.078308,1,0.66751,0.5,0.472,0.472
-0.057404,0.024431,0,-0.078362,1,0.66892,0.5,0.473,0.473
-0.05682,0.024531,0,-0.078417,1,0.67034,0.5,0.474,0.474
-0.056235,0.02463,0,-0.078471,1,0.67175,0.5,0.475,0.475
-0.055651,0.02473,0,-0.078526,1,0.67317,0.5,0.476,0.476
-0.055066,0.024829,0,-0.07858,1,0.67458,0.5,0.477,0.477
-0.054482,0.024929,0,-0.078635,1,0.67599,0.5,0.478,0.478
-0.053898,0.025029,0,-0.078689,1,0.67741,0.5,0.479,0.479
-0.053313,0.025128,0,-0.078744,1,0.67882,0.5,0.48,0.48
-0.05272,0.025227,0,-0.078795,1,0.68024,0.5,0.481,0.481
-0.052126,0.025325,0,-0.078846,1,0.68165,0.5,0.482,0.482
-0.051533,0.025424,0,-0.078897,1,0.68307,0.5,0.483,0.483
-0.050939,0.025523,0,-0.078947,1,0.68448,0.5,0.484,0.484
-0.050345,0.025622,0,-0.078998,1,0.68589,0.5,0.485,0.485
-0.049752,0.02572,0,-0.079049,1,0.68731,0.5,0.486,0.486
-0.049158,0.025819,0,-0.0791,1,0.68872,0.5,0.487,0.487
-0.048565,0.025918,0,-0.079151,1,0.69014,0.5,0.488,0.488
-0.047971,0.026017,0,-0.079202,1,0.69155,0.5,0.489,0.489
-0.047378,0.026115,0,-0.079253,1,0.69296,0.5,0.49,0.49
-0.046773,0.026213,0,-0.079301,1,0.69438,0.5,0.491,0.491
-0.046169,0.026311,0,-0.079348,1,0.69579,0.5,0.492,0.492
-0.045565,0.026409,0,-0.079395,1,0.69721,0.5,0.493,0.493
-0.04496,0.026507,0,-0.079442,1,0.69862,0.5,0.494,0.494
-0.044356,0.026605,0,-0.07949,1,0.70004,0.5,0.495,0.495
-0.043751,0.026703,0,-0.079537,1,0.70145,0.5,0.496,0.496
-0.043147,0.026801,0,-0.079584,1,0.70286,0.5,0.497,0.497
-0.042543,0.026899,0,-0.079632,1,0.70428,0.5,0.498,0.498
-0.041938,0.026996,0,-0.079679,1,0.70569,0.5,0.499,0.499
-0.041334,0.027094,0,-0.079726,1,0.70711,0.5,0.5,0.5
-0.040717,0.027191,0,-0.07977,1,0.70852,0.5,0.501,0.501
-0.0401,0.027288,0,-0.079813,1,0.70994,0.5,0.502,0.502
-0.039483,0.027385,0,-0.079857,1,0.71135,0.5,0.503,0.503
-0.038866,0.027483,0,-0.0799,1,0.71276,0.5,0.504,0.504
-0.03825,0.02758,0,-0.079944,1,0.71418,0.5,0.505,0.505
-0.037633,0.027677,0,-0.079987,1,0.71559,0.5,0.506,0.506
-0.037016,0.027774,0,-0.080031,1,0.71701,0.5,0.507,0.507
-0.036399,0.027871,0,-0.080074,1,0.71842,0.5,0.508,0.508
-0.035782,0.027968,0,-0.080118,1,0.71983,0.5,0.509,0.509
-0.035165,0.028065,0,-0.080161,1,0.72125,0.5,0.51,0.51
-0.034534,0.028161,0,-0.080201,1,0.72266,0.5,0.511,0.511
-0.033903,0.028257,0,-0.08024,1,0.72408,0.5,0.512,0.512
-0.033272,0.028353,0,-0.08028,1,0.72549,0.5,0.513,0.513
-0.032641,0.028449,0,-0.08032,1,0.72691,0.5,0.514,0.514
-0.03201,0.028545,0,-0.080359,1,0.72832,0.5,0.515,0.515
-0.031379,0.028642,0,-0.080399,1,0.72973,0.5,0.516,0.516
-0.030748,0.028738,0,-0.080438,1,0.73115,0.5,0.517,0.517
-0.030117,0.028834,0,-0.080478,1,0.73256,0.5,0.518,0.518
-0.029486,0.02893,0,-0.080517,1,0.73398,0.5,0.519,0.519
-0.028855,0.029026,0,-0.080557,1,0.73539,0.5,0.52,0.52
-0.028208,0.029121,0,-0.080592,1,0.73681,0.5,0.521,0.521
-0.027562,0.029216,0,-0.080628,1,0.73822,0.5,0.522,0.522
-0.026915,0.029312,0,-0.080663,1,0.73963,0.5,0.523,0.523
-0.026268,0.029407,0,-0.080698,1,0.74105,0.5,0.524,0.524
-0.025621,0.029502,0,-0.080734,1,0.74246,0.5,0.525,0.525
-0.024975,0.029597,0,-0.080769,1,0.74388,0.5,0.526,0.526
-0.024328,0.029692,0,-0.080805,1,0.74529,0.5,0.527,0.527
-0.023681,0.029787,0,-0.08084,1,0.7467,0.5,0.528,0.528
-0.023034,0.029883,0,-0.080876,1,0.74812,0.5,0.529,0.529
-0.022387,0.029978,0,-0.080911,1,0.74953,0.5,0.53,0.53
-0.021723,0.030072,0,-0.080942,1,0.75095,0.5,0.531,0.531
-0.021059,0.030166,0,-0.080973,1,0.75236,0.5,0.532,0.532
-0.020395,0.03026,0,-0.081004,1,0.75378,0.5,0.533,0.533
-0.019731,0.030354,0,-0.081035,1,0.75519,0.5,0.534,0.534
-0.019067,0.030448,0,-0.081066,1,0.7566,0.5,0.535,0.535
-0.018403,0.030542,0,-0.081098,1,0.75802,0.5,0.536,0.536
-0.017739,0.030637,0,-0.081129,1,0.75943,0.5,0.537,0.537
-0.017075,0.030731,0,-0.08116,1,0.76085,0.5,0.538,0.538
-0.01641,0.030825,0,-0.081191,1,0.76226,0.5,0.539,0.539
-0.015746,0.030919,0,-0.081222,1,0.76368,0.5,0.54,0.54
-0.015063,0.031012,0,-0.081249,1,0.76509,0.5,0.541,0.541
-0.01438,0.031105,0,-0.081275,1,0.7665,0.5,0.542,0.542
-0.013697,0.031198,0,-0.081302,1,0.76792,0.5,0.543,0.543
-0.013014,0.031291,0,-0.081328,1,0.76933,0.5,0.544,0.544
-0.012331,0.031384,0,-0.081355,1,0.77075,0.5,0.545,0.545
-0.011648,0.031477,0,-0.081381,1,0.77216,0.5,0.546,0.546
-0.010965,0.03157,0,-0.081408,1,0.77357,0.5,0.547,0.547
-0.010282,0.031663,0,-0.081434,1,0.77499,0.5,0.548,0.548
-0.0095989,0.031756,0,-0.081461,1,0.7764,0.5,0.549,0.549
-0.0089159,0.031849,0,-0.081487,1,0.77782,0.5,0.55,0.55
-0.0082124,0.031941,0,-0.081509,1,0.77923,0.5,0.551,0.551
-0.007509,0.032032,0,-0.081531,1,0.78065,0.5,0.552,0.552
-0.0068055,0.032124,0,-0.081553,1,0.78206,0.5,0.553,0.553
-0.006102,0.032216,0,-0.081575,1,0.78347,0.5,0.554,0.554
-0.0053985,0.032308,0,-0.081596,1,0.78489,0.5,0.555,0.555
-0.004695,0.032399,0,-0.081618,1,0.7863,0.5,0.556,0.556
-0.0039915,0.032491,0,-0.08164,1,0.78772,0.5,0.557,0.557
-0.003288,0.032583,0,-0.081662,1,0.78913,0.5,0.558,0.558
-0.0025845,0.032674,0,-0.081684,1,0.79055,0.5,0.559,0.559
-0.0018811,0.032766,0,-0.081705,1,0.79196,0.5,0.56,0.56
-0.0011557,0.032856,0,-0.081722,1,0.79337,0.5,0.561,0.561
-0.00043035,0.032947,0,-0.081739,1,0.79479,0.5,0.562,0.562
0.00029506,0.033037,0,-0.081756,1,0.7962,0.5,0.563,0.563
0.0010204,0.033127,0,-0.081772,1,0.79762,0.5,0.564,0.564
0.0017458,0.033218,0,-0.081789,1,0.79903,0.5,0.565,0.565
0.0024711,0.033308,0,-0.081806,1,0.80044,0.5,0.566,0.566
0.0031965,0.033398,0,-0.081823,1,0.80186,0.5,0.567,0.567
0.0039219,0.033488,0,-0.081839,1,0.80327,0.5,0.568,0.568
0.0046473,0.033579,0,-0.081856,1,0.80469,0.5,0.569,0.569
0.0053726,0.033669,0,-0.081873,1,0.8061,0.5,0.57,0.57
0.0061212,0.033758,0,-0.081884,1,0.80752,0.5,0.571,0.571
0.0068699,0.033846,0,-0.081896,1,0.80893,0.5,0.572,0.572
0.0076185,0.033935,0,-0.081907,1,0.81034,0.5,0.573,0.573
0.0083671,0.034023,0,-0.081919,1,0.81176,0.5,0.574,0.574
0.0091157,0.034112,0,-0.08193,1,0.81317,0.5,0.575,0.575
0.0098643,0.034201,0,-0.081942,1,0.81459,0.5,0.576,0.576
0.010613,0.034289,0,-0.081953,1,0.816,0.5,0.577,0.577
0.011362,0.034378,0,-0.081965,1,0.81742,0.5,0.578,0.578
0.01211,0.034467,0,-0.081976,1,0.81883,0.5,0.579,0.579
0.012859,0.034555,0,-0.081988,1,0.82024,0.5,0.58,0.58
0.013632,0.034642,0,-0.081994,1,0.82166,0.5,0.581,0.581
0.014405,0.034729,0,-0.082,1,0.82307,0.5,0.582,0.582
0.015178,0.034815,0,-0.082005,1,0.82449,0.5,0.583,0.583
0.015951,0.034902,0,-0.082011,1,0.8259,0.5,0.584,0.584
0.016724,0.034989,0,-0.082017,1,0.82731,0.5,0.585,0.585
0.017498,0.035075,0,-0.082023,1,0.82873,0.5,0.586,0.586
0.018271,0.035162,0,-0.082029,1,0.83014,0.5,0.587,0.587
0.019044,0.035249,0,-0.082035,1,0.83156,0.5,0.588,0.588
0.019817,0.035335,0,-0.082041,1,0.83297,0.5,0.589,0.589
0.02059,0.035422,0,-0.082047,1,0.83439,0.5,0.59,0.59
0.021389,0.035507,0,-0.082047,1,0.8358,0.5,0.591,0.591
0.022187,0.035591,0,-0.082047,1,0.83721,0.5,0.592,0.592
0.022986,0.035675,0,-0.082047,1,0.83863,0.5,0.593,0.593
0.023785,0.03576,0,-0.082047,1,0.84004,0.5,0.594,0.594
0.024584,0.035844,0,-0.082047,1,0.84146,0.5,0.595,0.595
0.025382,0.035929,0,-0.082047,1,0.84287,0.5,0.596,0.596
0.026181,0.036013,0,-0.082047,1,0.84429,0.5,0.597,0.597
0.02698,0.036098,0,-0.082048,1,0.8457,0.5,0.598,0.598
0.027778,0.036182,0,-0.082048,1,0.84711,0.5,0.599,0.599
0.028577,0.036267,0,-0.082048,1,0.84853,0.5,0.6,0.6
0.029402,0.036348,0,-0.082042,1,0.84994,0.5,0.601,0.601
0.030228,0.03643,0,-0.082036,1,0.85136,0.5,0.602,0.602
0.031053,0.036512,0,-0.08203,1,0.85277,0.5,0.603,0.603
0.031878,0.036594,0,-0.082023,1,0.85418,0.5,0.604,0.604
0.032703,0.036676,0,-0.082017,1,0.8556,0.5,0.605,0.605
0.033528,0.036758,0,-0.082011,1,0.85701,0.5,0.606,0.606
0.034354,0.036839,0,-0.082005,1,0.85843,0.5,0.607,0.607
0.035179,0.036921,0,-0.081999,1,0.85984,0.5,0.608,0.608
0.036004,0.037003,0,-0.081993,1,0.86126,0.5,0.609,0.609
0.036829,0.037085,0,-0.081987,1,0.86267,0.5,0.61,0.61
0.037682,0.037164,0,-0.081975,1,0.86408,0.5,0.611,0.611
0.038534,0.037243,0,-0.081962,1,0.8655,0.5,0.612,0.612
0.039387,0.037321,0,-0.08195,1,0.86691,0.5,0.613,0.613
0.040239,0.0374,0,-0.081937,1,0.86833,0.5,0.614,0.614
0.041091,0.037479,0,-0.081925,1,0.86974,0.5,0.615,0.615
0.041944,0.037558,0,-0.081912,1,0.87116,0.5,0.616,0.616
0.042796,0.037637,0,-0.0819,1,0.87257,0.5,0.617,0.617
0.043649,0.037715,0,-0.081887,1,0.87398,0.5,0.618,0.618
0.044501,0.037794,0,-0.081875,1,0.8754,0.5,0.619,0.619
0.045353,0.037873,0,-0.081862,1,0.87681,0.5,0.62,0.62
0.046233,0.037948,0,-0.081843,1,0.87823,0.5,0.621,0.621
0.047113,0.038024,0,-0.081824,1,0.87964,0.5,0.622,0.622
0.047993,0.038099,0,-0.081805,1,0.88106,0.5,0.623,0.623
0.048874,0.038174,0,-0.081786,1,0.88247,0.5,0.624,0.624
0.049754,0.03825,0,-0.081766,1,0.88388,0.5,0.625,0.625
0.050634,0.038325,0,-0.081747,1,0.8853,0.5,0.626,0.626
0.051514,0.0384,0,-0.081728,1,0.88671,0.5,0.627,0.627
0.052394,0.038476,0,-0.081709,1,0.88813,0.5,0.628,0.628
0.053274,0.038551,0,-0.08169,1,0.88954,0.5,0.629,0.629
0.054154,0.038626,0,-0.08167,1,0.89095,0.5,0.63,0.63
0.055061,0.038698,0,-0.081644,1,0.89237,0.5,0.631,0.631
0.055969,0.038769,0,-0.081618,1,0.89378,0.5,0.632,0.632
0.056877,0.038841,0,-0.081592,1,0.8952,0.5,0.633,0.633
0.057785,0.038912,0,-0.081566,1,0.89661,0.5,0.634,0.634
0.058692,0.038983,0,-0.08154,1,0.89803,0.5,0.635,0.635
0.0596,0.039055,0,-0.081513,1,0.89944,0.5,0.636,0.636
0.060508,0.039126,0,-0.081487,1,0.90085,0.5,0.637,0.637
0.061416,0.039197,0,-0.081461,1,0.90227,0.5,0.638,0.638
0.062323,0.039269,0,-0.081435,1,0.90368,0.5,0.639,0.639
0.063231,0.03934,0,-0.081409,1,0.9051,0.5,0.64,0.64
0.064166,0.039407,0,-0.081375,1,0.90651,0.5,0.641,0.641
0.065102,0.039474,0,-0.081342,1,0.90793,0.5,0.642,0.642
0.066037,0.039541,0,-0.081309,1,0.90934,0.5,0.643,0.643
0.066972,0.039608,0,-0.081275,1,0.91075,0.5,0.644,0.644
0.067908,0.039674,0,-0.081242,1,0.91217,0.5,0.645,0.645
0.068843,0.039741,0,-0.081208,1,0.91358,0.5,0.646,0.646
0.069778,0.039808,0,-0.081175,1,0.915,0.5,0.647,0.647
0.070713,0.039875,0,-0.081142,1,0.91641,0.5,0.648,0.648
0.071649,0.039942,0,-0.081108,1,0.91782,0.5,0.649,0.649
0.072584,0.040009,0,-0.081075,1,0.91924,0.5,0.65,0.65
0.073546,0.040071,0,-0.081034,1,0.92065,0.5,0.651,0.651
0.074509,0.040132,0,-0.080993,1,0.92207,0.5,0.652,0.652
0.075471,0.040194,0,-0.080952,1,0.92348,0.5,0.653,0.653
0.076433,0.040256,0,-0.080911,1,0.9249,0.5,0.654,0.654
0.077395,0.040318,0,-0.080871,1,0.92631,0.5,0.655,0.655
0.078358,0.04038,0,-0.08083,1,0.92772,0.5,0.656,0.656
0.07932,0.040442,0,-0.080789,1,0.92914,0.5,0.657,0.657
0.080282,0.040504,0,-0.080748,1,0.93055,0.5,0.658,0.658
0.081245,0.040565,0,-0.080707,1,0.93197,0.5,0.659,0.659
0.082207,0.040627,0,-0.080666,1,0.93338,0.5,0.66,0.66
0.083195,0.040684,0,-0.080618,1,0.9348,0.5,0.661,0.661
0.084184,0.04074,0,-0.080569,1,0.93621,0.5,0.662,0.662
0.085172,0.040796,0,-0.080521,1,0.93762,0.5,0.663,0.663
0.086161,0.040852,0,-0.080472,1,0.93904,0.5,0.664,0.664
0.087149,0.040909,0,-0.080424,1,0.94045,0.5,0.665,0.665
0.088138,0.040965,0,-0.080375,1,0.94187,0.5,0.666,0.666
0.089126,0.041021,0,-0.080327,1,0.94328,0.5,0.667,0.667
0.090115,0.041077,0,-0.080278,1,0.94469,0.5,0.668,0.668
0.091103,0.041134,0,-0.08023,1,0.94611,0.5,0.669,0.669
0.092091,0.04119,0,-0.080181,1,0.94752,0.5,0.67,0.67
0.093105,0.04124,0,-0.080125,1,0.94894,0.5,0.671,0.671
0.094118,0.04129,0,-0.080069,1,0.95035,0.5,0.672,0.672
0.095132,0.041341,0,-0.080012,1,0.95177,0.5,0.673,0.673
0.096145,0.041391,0,-0.079956,1,0.95318,0.5,0.674,0.674
0.097158,0.041441,0,-0.0799,1,0.95459,0.5,0.675,0.675
0.098172,0.041491,0,-0.079844,1,0.95601,0.5,0.676,0.676
0.099185,0.041541,0,-0.079787,1,0.95742,0.5,0.677,0.677
0.1002,0.041591,0,-0.079731,1,0.95884,0.5,0.678,0.678
0.10121,0.041642,0,-0.079675,1,0.96025,0.5,0.679,0.679
0.10223,0.041692,0,-0.079618,1,0.96167,0.5,0.68,0.68
0.10326,0.041735,0,-0.079554,1,0.96308,0.5,0.681,0.681
0.1043,0.041779,0,-0.07949,1,0.96449,0.5,0.682,0.682
0.10534,0.041822,0,-0.079426,1,0.96591,0.5,0.683,0.683
0.10637,0.041866,0,-0.079362,1,0.96732,0.5,0.684,0.684
0.10741,0.041909,0,-0.079298,1,0.96874,0.5,0.685,0.685
0.10845,0.041953,0,-0.079233,1,0.97015,0.5,0.686,0.686
0.10948,0.041996,0,-0.079169,1,0.97156,0.5,0.687,0.687
0.11052,0.04204,0,-0.079105,1,0.97298,0.5,0.688,0.688
0.11156,0.042083,0,-0.079041,1,0.97439,0.5,0.689,0.689
0.11259,0.042127,0,-0.078977,1,0.97581,0.5,0.69,0.69
0.11365,0.042163,0,-0.078905,1,0.97722,0.5,0.691,0.691
0.11471,0.042199,0,-0.078833,1,0.97864,0.5,0.692,0.692
0.11577,0.042236,0,-0.078761,1,0.98005,0.5,0.693,0.693
0.11683,0.042272,0,-0.078688,1,0.98146,0.5,0.694,0.694
0.11788,0.042308,0,-0.078616,1,0.98288,0.5,0.695,0.695
0.11894,0.042345,0,-0.078544,1,0.98429,0.5,0.696,0.696
0.12,0.042381,0,-0.078472,1,0.98571,0.5,0.697,0.697
0.12106,0.042417,0,-0.0784,1,0.98712,0.5,0.698,0.698
0.12212,0.042454,0,-0.078328,1,0.98854,0.5,0.699,0.699
0.12318,0.04249,0,-0.078256,1,0.98995,0.5,0.7,0.7
0.12425,0.042519,0,-0.078176,1,0.99136,0.5,0.701,0.701
0.12533,0.042547,0,-0.078096,1,0.99278,0.5,0.702,0.702
0.12641,0.042576,0,-0.078016,1,0.99419,0.5,0.703,0.703
0.12749,0.042605,0,-0.077936,1,0.99561,0.5,0.704,0.704
0.12856,0.042633,0,-0.077856,1,0.99702,0.5,0.705,0.705
0.12964,0.042662,0,-0.077776,1,0.99843,0.5,0.706,0.706
0.13072,0.042691,0,-0.077696,1,0.99985,0.5,0.707,0.707
0.1318,0.042719,0,-0.077616,1,1.0013,0.5,0.708,0.708
0.13288,0.042748,0,-0.077536,1,1.0027,0.5,0.709,0.709
0.13395,0.042777,0,-0.077456,1,1.0041,0.5,0.71,0.71
0.13505,0.042797,0,-0.077369,1,1.0055,0.5,0.711,0.711
0.13614,0.042818,0,-0.077281,1,1.0069,0.5,0.712,0.712
0.13724,0.042838,0,-0.077193,1,1.0083,0.5,0.713,0.713
0.13833,0.042859,0,-0.077105,1,1.0097,0.5,0.714,0.714
0.13943,0.042879,0,-0.077018,1,1.0112,0.5,0.715,0.715
0.14052,0.0429,0,-0.07693,1,1.0126,0.5,0.716,0.716
0.14162,0.04292,0,-0.076842,1,1.014,0.5,0.717,0.717
0.14271,0.042941,0,-0.076754,1,1.0154,0.5,0.718,0.718
0.14381,0.042961,0,-0.076667,1,1.0168,0.5,0.719,0.719
0.1449,0.042982,0,-0.076579,1,1.0182,0.5,0.72,0.72
0.14601,0.042994,0,-0.076483,1,1.0196,0.5,0.721,0.721
0.14712,0.043006,0,-0.076388,1,1.0211,0.5,0.722,0.722
0.14823,0.043018,0,-0.076293,1,1.0225,0.5,0.723,0.723
0.14934,0.04303,0,-0.076197,1,1.0239,0.5,0.724,0.724
0.15045,0.043042,0,-0.076102,1,1.0253,0.5,0.725,0.725
0.15156,0.043054,0,-0.076007,1,1.0267,0.5,0.726,0.726
0.15267,0.043066,0,-0.075911,1,1.0281,0.5,0.727,0.727
0.15378,0.043078,0,-0.075816,1,1.0295,0.5,0.728,0.728
0.15489,0.04309,0,-0.075721,1,1.031,0.5,0.729,0.729
0.156,0.043102,0,-0.075625,1,1.0324,0.5,0.73,0.73
0.15712,0.043105,0,-0.075523,1,1.0338,0.5,0.731,0.731
0.15824,0.043108,0,-0.07542,1,1.0352,0.5,0.732,0.732
0.15936,0.043111,0,-0.075317,1,1.0366,0.5,0.733,0.733
0.16049,0.043114,0,-0.075215,1,1.038,0.5,0.734,0.734
0.16161,0.043117,0,-0.075112,1,1.0394,0.5,0.735,0.735
0.16273,0.04312,0,-0.075009,1,1.0409,0.5,0.736,0.736
0.16385,0.043123,0,-0.074907,1,1.0423,0.5,0.737,0.737
0.16497,0.043126,0,-0.074804,1,1.0437,0.5,0.738,0.738
0.16609,0.043129,0,-0.074701,1,1.0451,0.5,0.739,0.739
0.16722,0.043132,0,-0.074598,1,1.0465,0.5,0.74,0.74
0.16835,0.043126,0,-0.074489,1,1.0479,0.5,0.741,0.741
0.16948,0.043119,0,-0.074379,1,1.0493,0.5,0.742,0.742
0.17061,0.043113,0,-0.074269,1,1.0508,0.5,0.743,0.743
0.17174,0.043107,0,-0.07416,1,1.0522,0.5,0.744,0.744
0.17287,0.043101,0,-0.07405,1,1.0536,0.5,0.745,0.745
0.174,0.043094,0,-0.07394,1,1.055,0.5,0.746,0.746
0.17513,0.043088,0,-0.073831,1,1.0564,0.5,0.747,0.747
0.17626,0.043082,0,-0.073721,1,1.0578,0.5,0.748,0.748
0.1774,0.043076,0,-0.073611,1,1.0592,0.5,0.749,0.749
0.17853,0.043069,0,-0.073502,1,1.0607,0.5,0.75,0.75
0.17966,0.043054,0,-0.073385,1,1.0621,0.5,0.751,0.751
0.1808,0.043038,0,-0.073269,1,1.0635,0.5,0.752,0.752
0.18194,0.043022,0,-0.073153,1,1.0649,0.5,0.753,0.753
0.18308,0.043006,0,-0.073037,1,1.0663,0.5,0.754,0.754
0.18422,0.04299,0,-0.07292,1,1.0677,0.5,0.755,0.755
0.18535,0.042974,0,-0.072804,1,1.0691,0.5,0.756,0.756
0.18649,0.042958,0,-0.072688,1,1.0706,0.5,0.757,0.757
0.18763,0.042943,0,-0.072572,1,1.072,0.5,0.758,0.758
0.18877,0.042927,0,-0.072455,1,1.0734,0.5,0.759,0.759
0.18991,0.042911,0,-0.072339,1,1.0748,0.5,0.76,0.76
0.19105,0.042885,0,-0.072217,1,1.0762,0.5,0.761,0.761
0.19219,0.042859,0,-0.072095,1,1.0776,0.5,0.762,0.762
0.19333,0.042834,0,-0.071972,1,1.079,0.5,0.763,0.763
0.19448,0.042808,0,-0.07185,1,1.0805,0.5,0.764,0.764
0.19562,0.042782,0,-0.071728,1,1.0819,0.5,0.765,0.765
0.19676,0.042757,0,-0.071605,1,1.0833,0.5,0.766,0.766
0.1979,0.042731,0,-0.071483,1,1.0847,0.5,0.767,0.767
0.19904,0.042705,0,-0.071361,1,1.0861,0.5,0.768,0.768
0.20019,0.04268,0,-0.071238,1,1.0875,0.5,0.769,0.769
0.20133,0.042654,0,-0.071116,1,1.0889,0.5,0.77,0.77
0.20247,0.042618,0,-0.070988,1,1.0904,0.5,0.771,0.771
0.20362,0.042582,0,-0.07086,1,1.0918,0.5,0.772,0.772
0.20476,0.042547,0,-0.070733,1,1.0932,0.5,0.773,0.773
0.2059,0.042511,0,-0.070605,1,1.0946,0.5,0.774,0.774
0.20705,0.042475,0,-0.070477,1,1.096,0.5,0.775,0.775
0.20819,0.042439,0,-0.070349,1,1.0974,0.5,0.776,0.776
0.20934,0.042403,0,-0.070221,1,1.0988,0.5,0.777,0.777
0.21048,0.042368,0,-0.070094,1,1.1003,0.5,0.778,0.778
0.21162,0.042332,0,-0.069966,1,1.1017,0.5,0.779,0.779
0.21277,0.042296,0,-0.069838,1,1.1031,0.5,0.78,0.78
0.21391,0.04225,0,-0.069705,1,1.1045,0.5,0.781,0.781
0.21505,0.042204,0,-0.069573,1,1.1059,0.5,0.782,0.782
0.2162,0.042158,0,-0.06944,1,1.1073,0.5,0.783,0.783
0.21734,0.042112,0,-0.069307,1,1.1087,0.5,0.784,0.784
0.21849,0.042066,0,-0.069175,1,1.1102,0.5,0.785,0.785
0.21963,0.04202,0,-0.069042,1,1.1116,0.5,0.786,0.786
0.22077,0.041974,0,-0.068909,1,1.113,0.5,0.787,0.787
0.22192,0.041928,0,-0.068777,1,1.1144,0.5,0.788,0.788
0.22306,0.041882,0,-0.068644,1,1.1158,0.5,0.789,0.789
0.2242,0.041836,0,-0.068512,1,1.1172,0.5,0.79,0.79
0.22535,0.04178,0,-0.068375,1,1.1186,0.5,0.791,0.791
0.22649,0.041723,0,-0.068238,1,1.1201,0.5,0.792,0.792
0.22763,0.041667,0,-0.068101,1,1.1215,0.5,0.793,0.793
0.22877,0.041611,0,-0.067965,1,1.1229,0.5,0.794,0.794
0.22991,0.041554,0,-0.067828,1,1.1243,0.5,0.795,0.795
0.23105,0.041498,0,-0.067691,1,1.1257,0.5,0.796,0.796
0.2322,0.041442,0,-0.067554,1,1.1271,0.5,0.797,0.797
0.23334,0.041385,0,-0.067418,1,1.1285,0.5,0.798,0.798
0.23448,0.041329,0,-0.067281,1,1.13,0.5,0.799,0.799
0.23562,0.041272,0,-0.067144,1,1.1314,0.5,0.8,0.8
0.23676,0.041206,0,-0.067004,1,1.1328,0.5,0.801,0.801
0.2379,0.041139,0,-0.066864,1,1.1342,0.5,0.802,0.802
0.23904,0.041072,0,-0.066724,1,1.1356,0.5,0.803,0.803
0.24018,0.041005,0,-0.066584,1,1.137,0.5,0.804,0.804
0.24131,0.040938,0,-0.066444,1,1.1384,0.5,0.805,0.805
0.24245,0.040872,0,-0.066304,1,1.1399,0.5,0.806,0.806
0.24359,0.040805,0,-0.066164,1,1.1413,0.5,0.807,0.807
0.24473,0.040738,0,-0.066024,1,1.1427,0.5,0.808,0.808
0.24587,0.040671,0,-0.065884,1,1.1441,0.5,0.809,0.809
0.24701,0.040604,0,-0.065744,1,1.1455,0.5,0.81,0.81
0.24814,0.040527,0,-0.065601,1,1.1469,0.5,0.811,0.811
0.24928,0.04045,0,-0.065459,1,1.1483,0.5,0.812,0.812
0.25042,0.040372,0,-0.065316,1,1.1498,0.5,0.813,0.813
0.25155,0.040295,0,-0.065174,1,1.1512,0.5,0.814,0.814
0.25269,0.040218,0,-0.065031,1,1.1526,0.5,0.815,0.815
0.25383,0.040141,0,-0.064889,1,1.154,0.5,0.816,0.816
0.25496,0.040063,0,-0.064746,1,1.1554,0.5,0.817,0.817
0.2561,0.039986,0,-0.064604,1,1.1568,0.5,0.818,0.818
0.25723,0.039909,0,-0.064461,1,1.1582,0.5,0.819,0.819
0.25837,0.039832,0,-0.064319,1,1.1597,0.5,0.82,0.82
0.25951,0.039744,0,-0.064174,1,1.1611,0.5,0.821,0.821
0.26064,0.039656,0,-0.06403,1,1.1625,0.5,0.822,0.822
0.26178,0.039569,0,-0.063886,1,1.1639,0.5,0.823,0.823
0.26291,0.039481,0,-0.063742,1,1.1653,0.5,0.824,0.824
0.26405,0.039394,0,-0.063598,1,1.1667,0.5,0.825,0.825
0.26518,0.039306,0,-0.063454,1,1.1681,0.5,0.826,0.826
0.26632,0.039218,0,-0.063309,1,1.1696,0.5,0.827,0.827
0.26746,0.039131,0,-0.063165,1,1.171,0.5,0.828,0.828
0.26859,0.039043,0,-0.063021,1,1.1724,0.5,0.829,0.829
0.26973,0.038956,0,-0.062877,1,1.1738,0.5,0.83,0.83
0.27087,0.038858,0,-0.062732,1,1.1752,0.5,0.831,0.831
0.272,0.03876,0,-0.062587,1,1.1766,0.5,0.832,0.832
0.27314,0.038662,0,-0.062442,1,1.178,0.5,0.833,0.833
0.27428,0.038565,0,-0.062297,1,1.1795,0.5,0.834,0.834
0.27542,0.038467,0,-0.062152,1,1.1809,0.5,0.835,0.835
0.27656,0.038369,0,-0.062007,1,1.1823,0.5,0.836,0.836
0.2777,0.038272,0,-0.061863,1,1.1837,0.5,0.837,0.837
0.27884,0.038174,0,-0.061718,1,1.1851,0.5,0.838,0.838
0.27998,0.038076,0,-0.061573,1,1.1865,0.5,0.839,0.839
0.28112,0.037979,0,-0.061428,1,1.1879,0.5,0.84,0.84
0.28227,0.037871,0,-0.061283,1,1.1894,0.5,0.841,0.841
0.28342,0.037764,0,-0.061138,1,1.1908,0.5,0.842,0.842
0.28457,0.037656,0,-0.060993,1,1.1922,0.5,0.843,0.843
0.28571,0.037549,0,-0.060848,1,1.1936,0.5,0.844,0.844
0.28686,0.037442,0,-0.060704,1,1.195,0.5,0.845,0.845
0.28801,0.037334,0,-0.060559,1,1.1964,0.5,0.846,0.846
0.28916,0.037227,0,-0.060414,1,1.1978,0.5,0.847,0.847
0.29031,0.037119,0,-0.060269,1,1.1993,0.5,0.848,0.848
0.29146,0.037012,0,-0.060124,1,1.2007,0.5,0.849,0.849
0.29261,0.036905,0,-0.059979,1,1.2021,0.5,0.85,0.85
0.29378,0.036788,0,-0.059835,1,1.2035,0.5,0.851,0.851
0.29495,0.036672,0,-0.059692,1,1.2049,0.5,0.852,0.852
0.29611,0.036555,0,-0.059548,1,1.2063,0.5,0.853,0.853
0.29728,0.036439,0,-0.059404,1,1.2077,0.5,0.854,0.854
0.29845,0.036323,0,-0.05926,1,1.2092,0.5,0.855,0.855
0.29962,0.036206,0,-0.059116,1,1.2106,0.5,0.856,0.856
0.30078,0.03609,0,-0.058972,1,1.212,0.5,0.857,0.857
0.30195,0.035973,0,-0.058828,1,1.2134,0.5,0.858,0.858
0.30312,0.035857,0,-0.058684,1,1.2148,0.5,0.859,0.859
0.30429,0.03574,0,-0.05854,1,1.2162,0.5,0.86,0.86
0.30548,0.035616,0,-0.058398,1,1.2176,0.5,0.861,0.861
0.30668,0.035491,0,-0.058255,1,1.2191,0.5,0.862,0.862
0.30787,0.035366,0,-0.058113,1,1.2205,0.5,0.863,0.863
0.30907,0.035242,0,-0.057971,1,1.2219,0.5,0.864,0.864
0.31026,0.035117,0,-0.057829,1,1.2233,0.5,0.865,0.865
0.31146,0.034992,0,-0.057686,1,1.2247,0.5,0.866,0.866
0.31265,0.034868,0,-0.057544,1,1.2261,0.5,0.867,0.867
0.31385,0.034743,0,-0.057402,1,1.2275,0.5,0.868,0.868
0.31504,0.034618,0,-0.05726,1,1.229,0.5,0.869,0.869
0.31624,0.034493,0,-0.057117,1,1.2304,0.5,0.87,0.87
0.31747,0.034361,0,-0.056977,1,1.2318,0.5,0.871,0.871
0.3187,0.034229,0,-0.056838,1,1.2332,0.5,0.872,0.872
0.31993,0.034097,0,-0.056698,1,1.2346,0.5,0.873,0.873
0.32116,0.033965,0,-0.056558,1,1.236,0.5,0.874,0.874
0.32238,0.033832,0,-0.056418,1,1.2374,0.5,0.875,0.875
0.32361,0.0337,0,-0.056278,1,1.2389,0.5,0.876,0.876
0.32484,0.033568,0,-0.056138,1,1.2403,0.5,0.877,0.877
0.32607,0.033436,0,-0.055999,1,1.2417,0.5,0.878,0.878
0.3273,0.033304,0,-0.055859,1,1.2431,0.5,0.879,0.879
0.32853,0.033172,0,-0.055719,1,1.2445,0.5,0.88,0.88
0.32979,0.033032,0,-0.055582,1,1.2459,0.5,0.881,0.881
0.33105,0.032893,0,-0.055446,1,1.2473,0.5,0.882,0.882
0.33231,0.032754,0,-0.055309,1,1.2488,0.5,0.883,0.883
0.33357,0.032615,0,-0.055172,1,1.2502,0.5,0.884,0.884
0.33483,0.032476,0,-0.055036,1,1.2516,0.5,0.885,0.885
0.33609,0.032337,0,-0.054899,1,1.253,0.5,0.886,0.886
0.33735,0.032198,0,-0.054762,1,1.2544,0.5,0.887,0.887
0.33861,0.032059,0,-0.054626,1,1.2558,0.5,0.888,0.888
0.33987,0.031919,0,-0.054489,1,1.2572,0.5,0.889,0.889
0.34114,0.03178,0,-0.054352,1,1.2587,0.5,0.89,0.89
0.34241,0.031634,0,-0.05422,1,1.2601,0.5,0.891,0.891
0.34369,0.031488,0,-0.054087,1,1.2615,0.5,0.892,0.892
0.34497,0.031342,0,-0.053955,1,1.2629,0.5,0.893,0.893
0.34625,0.031196,0,-0.053822,1,1.2643,0.5,0.894,0.894
0.34752,0.03105,0,-0.05369,1,1.2657,0.5,0.895,0.895
0.3488,0.030904,0,-0.053557,1,1.2671,0.5,0.896,0.896
0.35008,0.030758,0,-0.053425,1,1.2685,0.5,0.897,0.897
0.35136,0.030612,0,-0.053292,1,1.27,0.5,0.898,0.898
0.35263,0.030466,0,-0.05316,1,1.2714,0.5,0.899,0.899
0.35391,0.03032,0,-0.053027,1,1.2728,0.5,0.9,0.9
0.35517,0.030166,0,-0.0529,1,1.2742,0.5,0.901,0.901
0.35643,0.030012,0,-0.052773,1,1.2756,0.5,0.902,0.902
0.35769,0.029858,0,-0.052645,1,1.277,0.5,0.903,0.903
0.35895,0.029704,0,-0.052518,1,1.2784,0.5,0.904,0.904
0.36021,0.02955,0,-0.052391,1,1.2799,0.5,0.905,0.905
0.36147,0.029396,0,-0.052264,1,1.2813,0.5,0.906,0.906
0.36273,0.029242,0,-0.052136,1,1.2827,0.5,0.907,0.907
0.36399,0.029088,0,-0.052009,1,1.2841,0.5,0.908,0.908
0.36524,0.028934,0,-0.051882,1,1.2855,0.5,0.909,0.909
0.3665,0.02878,0,-0.051755,1,1.2869,0.5,0.91,0.91
0.36769,0.028617,0,-0.051634,1,1.2883,0.5,0.911,0.911
0.36887,0.028453,0,-0.051514,1,1.2898,0.5,0.912,0.912
0.37005,0.028289,0,-0.051393,1,1.2912,0.5,0.913,0.913
0.37124,0.028126,0,-0.051273,1,1.2926,0.5,0.914,0.914
0.37242,0.027962,0,-0.051153,1,1.294,0.5,0.915,0.915
0.3736,0.027798,0,-0.051032,1,1.2954,0.5,0.916,0.916
0.37478,0.027635,0,-0.050912,1,1.2968,0.5,0.917,0.917
0.37597,0.027471,0,-0.050791,1,1.2982,0.5,0.918,0.918
0.37715,0.027307,0,-0.050671,1,1.2997,0.5,0.919,0.919
0.37833,0.027144,0,-0.050551,1,1.3011,0.5,0.92,0.92
0.37936,0.026967,0,-0.050439,1,1.3025,0.5,0.921,0.921
0.38038,0.026791,0,-0.050327,1,1.3039,0.5,0.922,0.922
0.3814,0.026614,0,-0.050216,1,1.3053,0.5,0.923,0.923
0.38243,0.026438,0,-0.050104,1,1.3067,0.5,0.924,0.924
0.38345,0.026262,0,-0.049992,1,1.3081,0.5,0.925,0.925
0.38447,0.026085,0,-0.049881,1,1.3096,0.5,0.926,0.926
0.3855,0.025909,0,-0.049769,1,1.311,0.5,0.927,0.927
0.38652,0.025733,0,-0.049657,1,1.3124,0.5,0.928,0.928
0.38755,0.025556,0,-0.049546,1,1.3138,0.5,0.929,0.929
0.38857,0.02538,0,-0.049434,1,1.3152,0.5,0.93,0.93
0.38934,0.025187,0,-0.049334,1,1.3166,0.5,0.931,0.931
0.3901,0.024994,0,-0.049233,1,1.318,0.5,0.932,0.932
0.39087,0.024801,0,-0.049133,1,1.3195,0.5,0.933,0.933
0.39164,0.024608,0,-0.049032,1,1.3209,0.5,0.934,0.934
0.3924,0.024415,0,-0.048932,1,1.3223,0.5,0.935,0.935
0.39317,0.024222,0,-0.048831,1,1.3237,0.5,0.936,0.936
0.39394,0.024029,0,-0.048731,1,1.3251,0.5,0.937,0.937
0.3947,0.023836,0,-0.04863,1,1.3265,0.5,0.938,0.938
0.39547,0.023643,0,-0.04853,1,1.3279,0.5,0.939,0.939
0.39624,0.02345,0,-0.048429,1,1.3294,0.5,0.94,0.94
0.39669,0.023232,0,-0.048343,1,1.3308,0.5,0.941,0.941
0.39714,0.023014,0,-0.048256,1,1.3322,0.5,0.942,0.942
0.39759,0.022797,0,-0.048169,1,1.3336,0.5,0.943,0.943
0.39805,0.022579,0,-0.048082,1,1.335,0.5,0.944,0.944
0.3985,0.022362,0,-0.047996,1,1.3364,0.5,0.945,0.945
0.39895,0.022144,0,-0.047909,1,1.3378,0.5,0.946,0.946
0.3994,0.021926,0,-0.047822,1,1.3393,0.5,0.947,0.947
0.39986,0.021709,0,-0.047736,1,1.3407,0.5,0.948,0.948
0.40031,0.021491,0,-0.047649,1,1.3421,0.5,0.949,0.949
0.40076,0.021274,0,-0.047562,1,1.3435,0.5,0.95,0.95
0.40119,0.021008,0,-0.047492,1,1.3449,0.5,0.951,0.951
0.40161,0.020742,0,-0.047421,1,1.3463,0.5,0.952,0.952
0.40204,0.020476,0,-0.04735,1,1.3477,0.5,0.953,0.953
0.40247,0.020211,0,-0.04728,1,1.3492,0.5,0.954,0.954
0.40289,0.019945,0,-0.047209,1,1.3506,0.5,0.955,0.955
0.40332,0.019679,0,-0.047138,1,1.352,0.5,0.956,0.956
0.40375,0.019413,0,-0.047067,1,1.3534,0.5,0.957,0.957
0.40417,0.019147,0,-0.046997,1,1.3548,0.5,0.958,0.958
0.4046,0.018882,0,-0.046926,1,1.3562,0.5,0.959,0.959
0.40503,0.018616,0,-0.046855,1,1.3576,0.5,0.96,0.96
0.40706,0.01825,0,-0.046801,1,1.3591,0.5,0.961,0.961
0.40909,0.017885,0,-0.046747,1,1.3605,0.5,0.962,0.962
0.41112,0.01752,0,-0.046692,1,1.3619,0.5,0.963,0.963
0.41316,0.017154,0,-0.046638,1,1.3633,0.5,0.964,0.964
0.41519,0.016789,0,-0.046584,1,1.3647,0.5,0.965,0.965
0.41722,0.016423,0,-0.046529,1,1.3661,0.5,0.966,0.966
0.41926,0.016058,0,-0.046475,1,1.3675,0.5,0.967,0.967
0.42129,0.015693,0,-0.046421,1,1.369,0.5,0.968,0.968
0.42332,0.015327,0,-0.046366,1,1.3704,0.5,0.969,0.969
0.42535,0.014962,0,-0.046312,1,1.3718,0.5,0.97,0.97
0.43324,0.014399,0,-0.046273,1,1.3732,0.5,0.971,0.971
0.44113,0.013837,0,-0.046234,1,1.3746,0.5,0.972,0.972
0.44902,0.013274,0,-0.046195,1,1.376,0.5,0.973,0.973
0.45691,0.012711,0,-0.046156,1,1.3774,0.5,0.974,0.974
0.4648,0.012148,0,-0.046117,1,1.3789,0.5,0.975,0.975
0.47269,0.011586,0,-0.046079,1,1.3803,0.5,0.976,0.976
0.48058,0.011023,0,-0.04604,1,1.3817,0.5,0.977,0.977
0.48847,0.01046,0,-0.046001,1,1.3831,0.5,0.978,0.978
0.49636,0.0098977,0,-0.045962,1,1.3845,0.5,0.979,0.979
0.50425,0.009335,0,-0.045923,1,1.3859,0.5,0.98,0.98
0.52356,0.0087345,0,-0.045889,1,1.3873,0.5,0.981,0.981
0.54287,0.0081341,0,-0.045856,1,1.3888,0.5,0.982,0.982
0.56218,0.0075336,0,-0.045822,1,1.3902,0.5,0.983,0.983
0.58149,0.0069332,0,-0.045788,1,1.3916,0.5,0.984,0.984
0.6008,0.0063327,0,-0.045755,1,1.393,0.5,0.985,0.985
0.6201,0.0057323,0,-0.045721,1,1.3944,0.5,0.986,0.986
0.63941,0.0051318,0,-0.045687,1,1.3958,0.5,0.987,0.987
0.65872,0.0045314,0,-0.045654,1,1.3972,0.5,0.988,0.988
0.67803,0.0039309,0,-0.04562,1,1.3987,0.5,0.989,0.989
0.69734,0.0033305,0,-0.045586,1,1.4001,0.5,0.99,0.99
0.72761,0.0029974,0,-0.045568,1,1.4015,0.5,0.991,0.991
0.75787,0.0026644,0,-0.04555,1,1.4029,0.5,0.992,0.992
0.78814,0.0023313,0,-0.045532,1,1.4043,0.5,0.993,0.993
0.8184,0.0019983,0,-0.045514,1,1.4057,0.5,0.994,0.994
0.84867,0.0016652,0,-0.045496,1,1.4071,0.5,0.995,0.995
0.87894,0.0013322,0,-0.045478,1,1.4086,0.5,0.996,0.996
0.9092,0.00099915,0,-0.04546,1,1.41,0.5,0.997,0.997
0.93947,0.00066608,0,-0.045442,1,1.4114,0.5,0.998,0.998
0.96973,0.00033304,0,-0.045424,1,1.4128,0.5,0.999,0.999
1,0,0,-0.045406,1,1.4142,0.5,1,1
